"file","dv","iv","beta","se","z","pval"
"8003_rsajoystick","V3","V3lag",0.9726,0.0023,418.4537,0
"8003_rsajoystick","V5","V5lag",0.9509,0.0041,233.8555,0
"8003_rsajoystick","V6","V6lag",0.9961,3e-04,3800.4965,0
"8003_rsajoystick","V4","V4lag",0.9909,6e-04,1538.6499,0
"8004_rsajoystick","V3","V3lag",0.9737,0.0022,448.7574,0
"8004_rsajoystick","V5","V5lag",0.9851,0.0012,811.2616,0
"8004_rsajoystick","V6","V6lag",0.9661,0.0028,343.0457,0
"8004_rsajoystick","V4","V4lag",0.9783,0.0018,547.9178,0
"8004_rsajoystick","V2","V2lag",0.9911,7e-04,1334.7806,0
"8004_rsajoystick","V1","V1lag",0.9896,9e-04,1140.5009,0
"8005_rsajoystick","V3","V3lag",0.985,0.0013,786.144,0
"8005_rsajoystick","V5","V5lag",0.9623,0.003,321.4038,0
"8005_rsajoystick","V6","V6lag",0.964,0.0029,334.6142,0
"8005_rsajoystick","V4","V4lag",0.955,0.0037,257.239,0
"8005_rsajoystick","V2","V2lag",0.9944,5e-04,2094.6532,0
"8005_rsajoystick","V1","V1lag",0.9914,7e-04,1376.1296,0
"8006_rsajoystick","V3","V3lag",0.9932,6e-04,1691.9641,0
"8006_rsajoystick","V5","V5lag",0.9925,6e-04,1530.8581,0
"8006_rsajoystick","V6","V6lag",0.9755,0.002,478.4806,0
"8006_rsajoystick","V4","V4lag",0.9769,0.0019,526.8392,0
"8006_rsajoystick","V1","V1lag",0.994,5e-04,1992.9422,0
"8006_rsajoystick","V2","V2lag",0.9935,5e-04,1845.3359,0
"8007_rsajoystick","V3","V3lag",0.9874,0.001,1017.9419,0
"8007_rsajoystick","V5","V5lag",0.9661,0.0027,359.3861,0
"8007_rsajoystick","V6","V6lag",0.9629,0.0025,380.4473,0
"8007_rsajoystick","V4","V4lag",0.9536,0.003,315.3885,0
"8007_rsajoystick","V2","V2lag",0.004,0.0408,0.0982,0.9218
"8007_rsajoystick","V1","V1lag",0.0021,0.0411,0.0506,0.9596
"8007_rsajoystick","V2","V6lag",0,0.0283,-0.0015,0.9988
"8008_rsajoystick","V3","V3lag",0.9838,0.0014,697.4837,0
"8008_rsajoystick","V5","V5lag",0.9918,6e-04,1682.9943,0
"8008_rsajoystick","V6","V6lag",0.992,6e-04,1715.1148,0
"8008_rsajoystick","V4","V4lag",0.985,0.0014,691.0441,0
"8008_rsajoystick","V2","V2lag",0.9937,5e-04,1836.6162,0
"8010_rsajoystick","V3","V3lag",0.9911,8e-04,1315.6776,0
"8010_rsajoystick","V5","V5lag",0.9884,0.001,1032.4824,0
"8010_rsajoystick","V6","V6lag",0.9848,0.0012,822.9926,0
"8010_rsajoystick","V4","V4lag",0.9755,0.002,496.2159,0
"8010_rsajoystick","V1","V1lag",0.9913,7e-04,1392.5329,0
"8010_rsajoystick","V2","V2lag",0.9908,8e-04,1310.3915,0
"8011_rsajoystick","V3","V3lag",0.9916,6e-04,1671.584,0
"8011_rsajoystick","V5","V5lag",0.9807,0.0013,742.9922,0
"8011_rsajoystick","V6","V6lag",0.9758,0.0019,513.142,0
"8011_rsajoystick","V4","V4lag",0.9712,0.0023,424.8568,0
"8011_rsajoystick","V2","V4",0.2527,0.0356,7.0977,0
"8011_rsajoystick","V1","V1lag",0.0137,0.041,0.3355,0.7373
"8013_rsajoystick","V3","V3lag",0.9828,0.0014,683.9607,0
"8013_rsajoystick","V5","V5lag",0.9877,0.0011,925.9625,0
"8013_rsajoystick","V6","V6lag",0.9493,0.0039,240.9996,0
"8013_rsajoystick","V4","V4lag",0.9351,0.0052,180.4286,0
"8013_rsajoystick","V1","V1lag",0.9933,6e-04,1746.2863,0
"8013_rsajoystick","V2","V2lag",0.9922,7e-04,1522.4778,0
"8014_rsajoystick","V3","V3lag",0.9876,0.001,956.7936,0
"8014_rsajoystick","V5","V5lag",0.9908,8e-04,1259.6736,0
"8014_rsajoystick","V6","V6lag",0.9747,0.0014,678.5191,0
"8014_rsajoystick","V4","V4lag",0.9856,8e-04,1260.8469,0
"8014_rsajoystick","V2","V2lag",0.9911,7e-04,1357.1108,0
"8014_rsajoystick","V1","V1lag",0.9929,6e-04,1649.0342,0
"8015_rsajoystick","V3","V3lag",0.9906,8e-04,1248.6273,0
"8015_rsajoystick","V5","V5lag",0.9758,0.0022,440.8744,0
"8015_rsajoystick","V6","V6lag",0.9923,5e-04,1911.9206,0
"8015_rsajoystick","V4","V4lag",0.9632,0.0052,185.526,0
"8015_rsajoystick","V1","V6lag",-0.2773,0.0286,-9.7031,0
"8015_rsajoystick","V2","V6",-0.1618,0.0301,-5.3771,0
"8015_rsajoystick","V5","V4lag",-0.0235,0.0063,-3.7195,2e-04
"8015_rsajoystick","V4","V6",-0.0501,0.0098,-5.1117,0
"8016_rsajoystick","V3","V3lag",0.9722,0.0037,264.9243,0
"8016_rsajoystick","V5","V5lag",0.9841,0.0016,628.7241,0
"8016_rsajoystick","V6","V6lag",0.9783,0.0027,363.8248,0
"8016_rsajoystick","V4","V4lag",0.9701,0.0032,302.4612,0
"8016_rsajoystick","V1","V1lag",0.9905,8e-04,1231.4771,0
"8017_rsajoystick","V3","V3lag",0.9931,8e-04,1234.948,0
"8017_rsajoystick","V5","V5lag",0.9813,0.0017,563.9444,0
"8017_rsajoystick","V6","V6lag",0.9518,0.004,235.4361,0
"8017_rsajoystick","V4","V4lag",0.985,0.0012,853.1541,0
"8019_rsajoystick","V3","V3lag",0.985,0.0013,778.1079,0
"8019_rsajoystick","V5","V5lag",0.9836,0.001,949.1326,0
"8019_rsajoystick","V6","V6lag",0.9759,0.0014,677.3658,0
"8019_rsajoystick","V4","V4lag",0.9628,0.0025,380.8351,0
"8019_rsajoystick","V1","V5lag",-0.0012,0.0398,-0.0294,0.9766
"8019_rsajoystick","V2","V2lag",0.9912,7e-04,1387.1881,0
"8019_rsajoystick","V3","V6lag",-0.0157,0.0056,-2.7859,0.0053
"8020_rsajoystick","V3","V3lag",0.9868,0.0011,900.8092,0
"8020_rsajoystick","V5","V5lag",0.9763,0.002,482.9004,0
"8020_rsajoystick","V6","V6lag",0.9815,0.0016,629.0316,0
"8020_rsajoystick","V4","V4lag",0.9823,0.0015,666.9746,0
"8020_rsajoystick","V1","V1lag",0.9919,7e-04,1468.6126,0
"8020_rsajoystick","V2","V2lag",0.9939,5e-04,1944.6852,0
"8021_rsajoystick","V3","V3lag",0.9568,0.0035,271.6955,0
"8021_rsajoystick","V5","V5lag",0.9267,0.0059,157.4148,0
"8021_rsajoystick","V6","V6lag",0.9517,0.0039,242.3912,0
"8021_rsajoystick","V4","V4lag",0.9595,0.0033,290.2057,0
"8021_rsajoystick","V1","V1lag",0.9786,0.0026,380.4132,0
"8021_rsajoystick","V2","V2lag",0.9945,5e-04,2169.4496,0
"8021_rsajoystick","V1","V6lag",0.0489,0.0054,9.0385,0
"8022_rsajoystick","V3","V3lag",0.9953,2e-04,6397.1226,0
"8022_rsajoystick","V5","V5lag",0.9654,0.0029,329.9595,0
"8022_rsajoystick","V6","V6lag",0.9695,0.0022,447.9586,0
"8022_rsajoystick","V4","V4lag",0.968,0.0026,375.6304,0
"8022_rsajoystick","V2","V3",-0.4984,0.0457,-10.9004,0
"8022_rsajoystick","V1","V1lag",0.9928,6e-04,1531.1399,0
"8023_rsajoystick","V3","V3lag",0.9877,0.001,974.9088,0
"8023_rsajoystick","V5","V5lag",0.9895,9e-04,1143.7438,0
"8023_rsajoystick","V6","V6lag",0.9746,0.0022,434.7718,0
"8023_rsajoystick","V4","V4lag",0.9853,0.0012,828.4334,0
"8023_rsajoystick","V2","V2lag",0.9946,5e-04,2201.0321,0
"8023_rsajoystick","V1","V1lag",0.9924,6e-04,1531.7237,0
"8024_rsajoystick","V3","V3lag",0.9806,0.0016,620.2676,0
"8024_rsajoystick","V5","V5lag",0.9913,8e-04,1283.26,0
"8024_rsajoystick","V6","V6lag",0.9769,0.0019,521.4571,0
"8024_rsajoystick","V4","V4lag",0.9693,0.0025,387.6979,0
"8024_rsajoystick","V1","V1lag",0.993,6e-04,1693.7836,0
"8024_rsajoystick","V2","V2lag",0.9931,6e-04,1729.3982,0
"8026_rsajoystick","V1","V1lag",0.9706,0.0969,10.0171,0
"8026_rsajoystick","V2","V2lag",1,0,8595491.1466,0
"8026_rsajoystick","V6","V4",-0.1714,0.0152,-11.2438,0
"8027_rsajoystick","V3","V3lag",0.9877,7e-04,1335.1603,0
"8027_rsajoystick","V5","V5lag",0.9815,0.0015,663.1627,0
"8027_rsajoystick","V6","V6lag",0.9063,0.0109,83.1055,0
"8027_rsajoystick","V1","V6",0.4658,0.031,15.0256,0
"8027_rsajoystick","V2","V6lag",-0.4309,0.0322,-13.4024,0
"8027_rsajoystick","V6","V5",-0.0937,0.0128,-7.2939,0
"8029_rsajoystick","V3","V3lag",0.985,0.0011,888.5054,0
"8029_rsajoystick","V5","V5lag",0.9793,0.0016,616.9675,0
"8029_rsajoystick","V6","V6lag",0.9827,0.0013,742.4737,0
"8029_rsajoystick","V4","V4lag",0.9613,0.0029,326.9448,0
"8029_rsajoystick","V1","V3lag",0.2253,0.0327,6.8922,0
"8029_rsajoystick","V2","V2lag",0.0296,0.0417,0.7103,0.4775
"8030_rsajoystick","V3","V3lag",0.9882,9e-04,1058.5664,0
"8030_rsajoystick","V5","V5lag",0.9936,3e-04,3635.9027,0
"8030_rsajoystick","V6","V6lag",0.9954,3e-04,3588.0898,0
"8030_rsajoystick","V4","V4lag",0.9854,8e-04,1251.2421,0
"8031_rsajoystick","V3","V3lag",0.9935,7e-04,1402.2374,0
"8031_rsajoystick","V5","V5lag",0.9919,7e-04,1497.1126,0
"8031_rsajoystick","V6","V6lag",0.9852,0.0013,758.782,0
"8031_rsajoystick","V4","V4lag",0.962,0.0031,312.9842,0
"8031_rsajoystick","V1","V4",0.4197,0.0338,12.405,0
"8032_rsajoystick","V3","V3lag",0.9835,0.0013,765.4085,0
"8032_rsajoystick","V5","V5lag",0.9558,0.0034,283.4104,0
"8032_rsajoystick","V6","V6lag",0.9671,0.0021,464.3019,0
"8032_rsajoystick","V4","V4lag",0.9767,0.0017,576.6987,0
"8032_rsajoystick","V2","V3lag",-3e-04,0.0371,-0.0075,0.994
"8032_rsajoystick","V2","V4",-1e-04,0.0247,-0.0037,0.997
"8032_rsajoystick","V2","V2lag",0.6235,5.5653,0.112,0.9108
"8034_rsajoystick","V3","V3lag",0.9824,0.0015,638.0194,0
"8034_rsajoystick","V5","V5lag",0.9804,0.0017,592.2373,0
"8034_rsajoystick","V6","V6lag",0.9881,8e-04,1282.8986,0
"8034_rsajoystick","V4","V4lag",0.9799,0.0014,678.9196,0
"8034_rsajoystick","V1","V1lag",0.9951,4e-04,2476.2619,0
"8036_rsajoystick","V3","V3lag",0.9788,0.0018,547.1101,0
"8036_rsajoystick","V5","V5lag",0.9721,0.0023,420.852,0
"8036_rsajoystick","V6","V6lag",0.9855,9e-04,1125.7472,0
"8036_rsajoystick","V4","V4lag",0.9792,0.0015,665.9083,0
"8036_rsajoystick","V1","V4",-0.3196,0.0306,-10.4374,0
"8036_rsajoystick","V2","V2lag",0.9941,6e-04,1796.6053,0
"8038_rsajoystick","V3","V3lag",0.9846,0.0015,651.267,0
"8038_rsajoystick","V5","V5lag",0.9414,0.0052,179.3987,0
"8038_rsajoystick","V6","V6lag",0.9792,0.0012,826.4182,0
"8038_rsajoystick","V4","V4lag",0.9729,0.0017,578.0137,0
"8038_rsajoystick","V1","V1lag",0.0119,0.0423,0.2811,0.7786
"8038_rsajoystick","V2","V2lag",0.9934,6e-04,1733.0175,0
"8038_rsajoystick","V1","V6lag",-2e-04,0.0281,-0.006,0.9952
"8039_rsajoystick","V3","V3lag",0.9892,9e-04,1099.3528,0
"8039_rsajoystick","V5","V5lag",0.982,0.0015,665.9151,0
"8039_rsajoystick","V6","V6lag",0.9526,0.0039,243.0003,0
"8039_rsajoystick","V4","V4lag",0.9367,0.0051,183.0617,0
"8039_rsajoystick","V1","V1lag",0.9912,7e-04,1357.4758,0
"8039_rsajoystick","V2","V2lag",0.9879,0.001,977.8357,0
"8041_rsajoystick","V3","V3lag",0.9868,0.0011,898.723,0
"8041_rsajoystick","V5","V5lag",0.9825,0.0023,434.7706,0
"8041_rsajoystick","V6","V6lag",0.9791,0.0014,681.0311,0
"8041_rsajoystick","V4","V4lag",0.9813,0.0016,632.5571,0
"8041_rsajoystick","V1","V6",0.4379,0.0274,15.9698,0
"8041_rsajoystick","V2","V6lag",-0.3473,0.0295,-11.77,0
"8042_rsajoystick","V3","V3lag",0.9941,5e-04,2053.1826,0
"8042_rsajoystick","V5","V5lag",0.9906,9e-04,1094.8058,0
"8042_rsajoystick","V6","V6lag",0.9923,6e-04,1626.8153,0
"8042_rsajoystick","V4","V4lag",0.9919,5e-04,1917.3263,0
"8042_rsajoystick","V1","V6lag",0.0015,0.0364,0.0405,0.9677
"8042_rsajoystick","V2","V3",-0.297,0.0334,-8.8793,0
"8044_rsajoystick","V3","V3lag",0.9851,0.0012,852.8906,0
"8044_rsajoystick","V5","V5lag",0.9852,0.0012,825.5021,0
"8044_rsajoystick","V6","V6lag",0.9833,0.0012,799.2245,0
"8044_rsajoystick","V4","V4lag",0.9722,0.002,492.784,0
"8044_rsajoystick","V2","V2lag",0.9933,6e-04,1790.1764,0
"8044_rsajoystick","V1","V1lag",0.0025,0.0411,0.06,0.9522
"8046_rsajoystick","V3","V3lag",0.9946,3e-04,3334.2403,0
"8046_rsajoystick","V5","V5lag",0.9897,7e-04,1424.6644,0
"8046_rsajoystick","V4","V4lag",0.9744,0.0017,571.8538,0
"8046_rsajoystick","V1","V3",0.2872,0.0277,10.3737,0
"8046_rsajoystick","V6","V4",-0.0519,0.0111,-4.6953,0
"8048_rsajoystick","V3","V3lag",0.9925,6e-04,1568.5483,0
"8048_rsajoystick","V5","V5lag",0.9934,6e-04,1772.7198,0
"8048_rsajoystick","V6","V6lag",0.9923,7e-04,1513.0694,0
"8048_rsajoystick","V4","V4lag",0.9961,3e-04,3055.1916,0
"8048_rsajoystick","V2","V2lag",0.9922,7e-04,1524.2912,0
"8048_rsajoystick","V1","V1lag",0.9943,5e-04,2089.2252,0
"8050_rsajoystick","V3","V3lag",0.9598,0.0029,334.0592,0
"8050_rsajoystick","V5","V5lag",0.9813,0.0015,651.0585,0
"8050_rsajoystick","V6","V6lag",0.9917,5e-04,1965.5768,0
"8050_rsajoystick","V4","V4lag",0.9905,6e-04,1577.6694,0
"8050_rsajoystick","V1","V1lag",0.9798,0.0024,410.8186,0
"8050_rsajoystick","V2","V2lag",0.0057,0.0359,0.1585,0.8741
"8050_rsajoystick","V1","V5",-0.0361,0.0048,-7.4786,0
"8052_rsajoystick","V3","V3lag",0.9027,0.0077,117.187,0
"8052_rsajoystick","V5","V5lag",0.9506,0.0041,233.816,0
"8052_rsajoystick","V6","V6lag",0.9488,0.0043,221.2695,0
"8052_rsajoystick","V4","V4lag",0.9848,0.0012,794.4187,0
"8052_rsajoystick","V2","V2lag",0.9905,8e-04,1254.2082,0
"8052_rsajoystick","V1","V1lag",0.9928,6e-04,1653.2368,0
"8053_rsajoystick","V3","V3lag",0.9874,0.0011,917.6557,0
"8053_rsajoystick","V5","V5lag",0.9908,8e-04,1193.2782,0
"8053_rsajoystick","V6","V6lag",0.981,0.0016,630.2804,0
"8053_rsajoystick","V4","V4lag",0.9651,0.0029,332.4525,0
"8053_rsajoystick","V1","V1lag",0.9904,8e-04,1239.7389,0
"8053_rsajoystick","V2","V2lag",0.9914,7e-04,1385.7659,0
"8055_rsajoystick","V3","V3lag",0.9859,0.0012,840.0523,0
"8055_rsajoystick","V5","V5lag",0.9606,0.0032,296.1927,0
"8055_rsajoystick","V6","V6lag",0.9782,0.0018,541.3094,0
"8055_rsajoystick","V4","V4lag",0.9793,0.0017,568.6267,0
"8055_rsajoystick","V1","V1lag",0.9903,8e-04,1217.1836,0
"8055_rsajoystick","V2","V2lag",0.9927,6e-04,1639.1382,0
"8056_rsajoystick","V3","V3lag",0.9882,0.001,996.1984,0
"8056_rsajoystick","V5","V5lag",0.9818,0.0015,673.6827,0
"8056_rsajoystick","V6","V6lag",0.9776,0.0018,533.225,0
"8056_rsajoystick","V4","V4lag",0.9824,0.0015,666.6496,0
"8056_rsajoystick","V1","V4lag",0.5628,0.0289,19.4886,0
"8058_rsajoystick","V3","V3lag",0.9899,8e-04,1265.7561,0
"8058_rsajoystick","V5","V5lag",0.9767,0.0033,291.6003,0
"8058_rsajoystick","V6","V6lag",0.9922,6e-04,1784.9119,0
"8058_rsajoystick","V4","V4lag",0.98,0.0017,579.4183,0
"8058_rsajoystick","V2","V5lag",0.3376,0.0337,10.0254,0
"8058_rsajoystick","V1","V6lag",1e-04,0.0332,0.0034,0.9973
"8058_rsajoystick","V5","V6",-0.206,0.0559,-3.687,2e-04
"8058_rsajoystick","V1","V1lag",0.0018,0.0439,0.0402,0.9679
"8058_rsajoystick","V2","V3lag",-0.0964,0.0333,-2.8968,0.0038
"8058_rsajoystick","V5","V6lag",0.1814,0.056,3.2417,0.0012
"8059_rsajoystick","V3","V3lag",0.9513,0.004,240.4876,0
"8059_rsajoystick","V5","V5lag",0.9571,0.0035,273.6127,0
"8059_rsajoystick","V6","V6lag",0.982,0.0015,660.4277,0
"8059_rsajoystick","V4","V4lag",0.972,0.0023,423.4592,0
"8059_rsajoystick","V1","V1lag",0.9928,6e-04,1661.8609,0
"8059_rsajoystick","V2","V2lag",0.9894,9e-04,1128.3079,0
"8060_rsajoystick","V3","V3lag",0.9828,0.0069,142.5688,0
"8060_rsajoystick","V5","V5lag",0.9616,0.0062,154.704,0
"8060_rsajoystick","V6","V6lag",0.9928,0.0015,647.679,0
"8060_rsajoystick","V4","V4lag",0.9939,0.0015,679.9441,0
"8060_rsajoystick","V2","V2lag",0.9911,7e-04,1344.3981,0
"8060_rsajoystick","V1","V1lag",0.9939,6e-04,1609.3269,0
"8061_rsajoystick","V3","V3lag",0.9878,0.001,992.1994,0
"8061_rsajoystick","V5","V5lag",0.9874,0.001,990.1311,0
"8061_rsajoystick","V6","V6lag",0.9131,0.0064,141.9225,0
"8061_rsajoystick","V4","V4lag",0.9519,0.0042,225.7837,0
"8062_rsajoystick","V3","V3lag",0.9828,0.001,1003.158,0
"8062_rsajoystick","V5","V5lag",0.9838,0.0013,783.7315,0
"8062_rsajoystick","V1","V1lag",0.0019,0.041,0.0458,0.9635
"8062_rsajoystick","V5","V6",0.0077,0.005,1.5453,0.1223
"8062_rsajoystick","V3","V6",0.0074,0.0051,1.438,0.1504
"8063_rsajoystick","V3","V3lag",0.984,0.0013,763.4162,0
"8063_rsajoystick","V5","V5lag",0.9843,0.0014,720.5523,0
"8063_rsajoystick","V6","V6lag",0.9845,0.0013,755.1735,0
"8063_rsajoystick","V4","V4lag",0.9854,0.0014,725.4222,0
"8063_rsajoystick","V2","V2lag",0.9915,7e-04,1389.5928,0
"8063_rsajoystick","V1","V1lag",0.9926,6e-04,1616.8924,0
"8064_rsajoystick","V3","V3lag",0.9812,0.0024,412.8851,0
"8064_rsajoystick","V5","V5lag",0.9652,0.003,318.6584,0
"8064_rsajoystick","V6","V6lag",0.9739,0.005,193.3872,0
"8064_rsajoystick","V4","V4lag",0.9866,0.001,1023.9691,0
"8064_rsajoystick","V2","V2lag",0.9857,0.0023,437.2517,0
"8064_rsajoystick","V1","V1lag",0.9948,5e-04,2082.5009,0
"8064_rsajoystick","V3","V4",-0.0222,0.0057,-3.9189,1e-04
"8064_rsajoystick","V6","V4",-0.2735,0.032,-8.5432,0
"8064_rsajoystick","V6","V4lag",0.2358,0.032,7.372,0
"8064_rsajoystick","V2","V5",0.0189,0.0056,3.383,7e-04
"8065_rsajoystick","V3","V3lag",0.9793,0.0017,562.9615,0
"8065_rsajoystick","V5","V5lag",0.9901,8e-04,1182.0095,0
"8065_rsajoystick","V6","V6lag",0.9768,0.002,497.8403,0
"8065_rsajoystick","V4","V4lag",0.9599,0.0032,297.1488,0
"8065_rsajoystick","V1","V1lag",0.9925,6e-04,1576.5959,0
"8065_rsajoystick","V2","V2lag",0.9902,8e-04,1218.676,0
"8067_rsajoystick","V3","V3lag",0.987,0.0011,934.2488,0
"8067_rsajoystick","V5","V5lag",0.9636,0.003,323.8223,0
"8067_rsajoystick","V6","V6lag",0.9657,0.0028,344.1061,0
"8067_rsajoystick","V4","V4lag",0.9617,0.0031,308.6987,0
"8067_rsajoystick","V2","V2lag",0.9936,5e-04,1864.143,0
"8067_rsajoystick","V1","V1lag",0.9897,8e-04,1167.1635,0
"8069_rsajoystick","V3","V3lag",0.9918,7e-04,1442.3039,0
"8069_rsajoystick","V5","V5lag",0.9871,0.0011,917.6915,0
"8069_rsajoystick","V6","V6lag",0.9784,0.0018,546.0806,0
"8069_rsajoystick","V4","V4lag",0.9792,0.0017,564.6937,0
"8069_rsajoystick","V1","V1lag",0.9931,6e-04,1708.4276,0
"8069_rsajoystick","V2","V2lag",0.9889,9e-04,1064.1186,0
"8070_rsajoystick","V3","V3lag",0.9711,0.0023,420.7124,0
"8070_rsajoystick","V5","V5lag",0.9897,9e-04,1160.1667,0
"8070_rsajoystick","V6","V6lag",0.9858,9e-04,1123.8185,0
"8071_rsajoystick","V3","V3lag",0.9799,0.0015,634.0676,0
"8071_rsajoystick","V5","V5lag",0.9946,0.0016,622.0063,0
"8071_rsajoystick","V4","V4lag",0.9732,0.0015,661.1251,0
"8071_rsajoystick","V1","V6lag",0.1408,0.0344,4.0993,0
"8072_rsajoystick","V3","V3lag",0.9635,0.003,317.5987,0
"8072_rsajoystick","V5","V5lag",0.984,0.0014,725.7218,0
"8072_rsajoystick","V6","V6lag",0.9665,0.0027,353.0525,0
"8072_rsajoystick","V4","V4lag",0.9881,0.001,1000.096,0
"8072_rsajoystick","V1","V1lag",0.9932,6e-04,1753.731,0
"8072_rsajoystick","V2","V2lag",0.9904,8e-04,1232.4898,0
"8074_rsajoystick","V3","V3lag",0.9762,0.0021,472.5415,0
"8074_rsajoystick","V5","V5lag",0.9725,0.0024,412.8342,0
"8074_rsajoystick","V6","V6lag",0.9489,0.004,239.0171,0
"8074_rsajoystick","V4","V4lag",0.9191,0.0066,139.7097,0
"8074_rsajoystick","V1","V6lag",0.0258,0.0056,4.588,0
"8074_rsajoystick","V2","V6",0.0215,0.0047,4.5738,0
"8074_rsajoystick","V1","V1lag",0.9829,0.0022,443.8741,0
"8074_rsajoystick","V2","V2lag",0.9987,0.0014,708.9257,0
"8075_rsajoystick","V3","V3lag",0.987,0.0011,904.8815,0
"8075_rsajoystick","V5","V5lag",0.9835,0.0014,709.4719,0
"8075_rsajoystick","V6","V6lag",0.9894,9e-04,1149.2276,0
"8075_rsajoystick","V4","V4lag",0.9849,0.0012,793.3529,0
"8075_rsajoystick","V1","V1lag",0.9952,4e-04,2468.4624,0
"8075_rsajoystick","V2","V2lag",0.9948,4e-04,2285.8129,0
"8078_rsajoystick","V5","V5lag",0.9907,7e-04,1417.9067,0
"8078_rsajoystick","V6","V6lag",0.9975,2e-04,6352.4718,0
"8078_rsajoystick","V4","V4lag",0.9967,0,27224.6784,0
"8082_rsajoystick","V3","V3lag",0.9717,0.0024,413.3133,0
"8082_rsajoystick","V5","V5lag",0.9559,0.0036,263.6768,0
"8082_rsajoystick","V6","V6lag",0.9799,0.0017,583.9854,0
"8082_rsajoystick","V4","V4lag",0.9664,0.0028,347.3398,0
"8082_rsajoystick","V2","V2lag",0.9922,7e-04,1511.5381,0
"8082_rsajoystick","V1","V1lag",0.9934,5e-04,1807.6443,0
"8084_rsajoystick","V3","V3lag",0.9873,0.001,960.774,0
"8084_rsajoystick","V5","V5lag",0.9838,0.0013,732.7228,0
"8084_rsajoystick","V6","V6lag",0.9897,8e-04,1183.6116,0
"8084_rsajoystick","V4","V4lag",0.9886,0.001,1022.4171,0
"8084_rsajoystick","V2","V2lag",0.9948,4e-04,2350.3804,0
"8084_rsajoystick","V1","V1lag",0.9922,0.0012,812.6603,0
"8084_rsajoystick","V1","V4",-0.0245,0.0044,-5.5694,0
"8086_rsajoystick","V3","V3lag",0.9879,0.001,976.0326,0
"8086_rsajoystick","V5","V5lag",0.9712,0.0023,421.7455,0
"8086_rsajoystick","V6","V6lag",0.9837,0.0014,721.8389,0
"8086_rsajoystick","V4","V4lag",0.9852,0.0012,795.9637,0
"8086_rsajoystick","V1","V1lag",0.991,7e-04,1324.5616,0
"8086_rsajoystick","V2","V2lag",0.9891,9e-04,1084.323,0
"8088_rsajoystick","V3","V3lag",0.9841,0.0101,97.5884,0
"8088_rsajoystick","V5","V5lag",0.9872,0.0107,92.4449,0
"8088_rsajoystick","V6","V6lag",0.9717,0.0063,153.0557,0
"8088_rsajoystick","V4","V4lag",0.9811,0.0015,661.6322,0
"8091_rsajoystick","V3","V3lag",0.9908,8e-04,1295.2808,0
"8091_rsajoystick","V5","V5lag",0.993,0.0017,581.6515,0
"8091_rsajoystick","V6","V6lag",0.9965,5e-04,2126.8337,0
"8091_rsajoystick","V4","V4lag",0.9945,4e-04,2465.7357,0
"8092_rsajoystick","V3","V3lag",0.9884,0.0011,897.1934,0
"8092_rsajoystick","V5","V5lag",0.9675,0.0028,351.4347,0
"8092_rsajoystick","V6","V6lag",0.9807,0.0016,624.3943,0
"8092_rsajoystick","V4","V4lag",0.9561,0.0037,259.0467,0
"8092_rsajoystick","V1","V1lag",0.9939,5e-04,1975.8417,0
"8092_rsajoystick","V2","V2lag",0.9951,4e-04,2431.0398,0
"8093_rsajoystick","V3","V3lag",0.9586,0.0039,245.4869,0
"8093_rsajoystick","V5","V5lag",0.9797,0.0017,571.0619,0
"8093_rsajoystick","V6","V6lag",0.9841,0.0016,627.3482,0
"8093_rsajoystick","V4","V4lag",0.9835,0.0014,683.1694,0
"8093_rsajoystick","V2","V2lag",0.9895,9e-04,1153.3586,0
"8094_rsajoystick","V3","V3lag",0.9901,8e-04,1210.507,0
"8094_rsajoystick","V5","V5lag",0.9967,3e-04,3560.6676,0
"8094_rsajoystick","V6","V6lag",0.9665,0.0028,344.1864,0
"8094_rsajoystick","V4","V4lag",0.9507,0.004,239.9437,0
"8094_rsajoystick","V1","V1lag",0.994,5e-04,1954.0105,0
"8094_rsajoystick","V2","V2lag",0.9923,7e-04,1496.058,0
"8095_rsajoystick","V3","V3lag",0.9649,0.0029,331.3164,0
"8095_rsajoystick","V5","V5lag",0.9599,0.0033,289.7398,0
"8095_rsajoystick","V6","V6lag",0.9239,0.0085,108.7302,0
"8095_rsajoystick","V4","V4lag",0.9519,0.0038,250.9463,0
"8095_rsajoystick","V1","V6",0.008,0.0044,1.8073,0.0707
"8095_rsajoystick","V2","V2lag",0.9929,6e-04,1671.5677,0
"8095_rsajoystick","V1","V1lag",0.9997,0.0022,445.7886,0
"8095_rsajoystick","V6","V4",-0.0821,0.0142,-5.7718,0
"8096_rsajoystick","V3","V3lag",0.9798,0.0017,578.7005,0
"8096_rsajoystick","V5","V5lag",0.976,0.002,493.2057,0
"8096_rsajoystick","V6","V6lag",0.9672,0.0031,313.8071,0
"8096_rsajoystick","V4","V4lag",0.9808,0.002,486.8245,0
"8096_rsajoystick","V1","V1lag",0.9944,5e-04,2109.7166,0
"8096_rsajoystick","V2","V2lag",0.9928,6e-04,1619.2916,0
"8098_rsajoystick","V3","V3lag",0.9674,0.0027,356.8046,0
"8098_rsajoystick","V5","V5lag",0.9869,0.0011,880.7529,0
"8098_rsajoystick","V6","V6lag",0.9432,0.0046,207.2211,0
"8098_rsajoystick","V4","V4lag",0.971,0.0024,407.404,0
"8098_rsajoystick","V1","V1lag",0.9928,6e-04,1633.8477,0
"8098_rsajoystick","V2","V2lag",0.9916,7e-04,1411.0536,0
"8099_rsajoystick","V3","V3lag",0.962,0.0031,305.6061,0
"8099_rsajoystick","V5","V5lag",0.9567,0.0036,268.123,0
"8099_rsajoystick","V6","V6lag",0.9492,0.004,239.2433,0
"8099_rsajoystick","V4","V4lag",0.9209,0.0065,142.6339,0
"8099_rsajoystick","V1","V1lag",0.994,5e-04,1992.4845,0
"8099_rsajoystick","V2","V2lag",0.9823,0.0015,669.0577,0
"8100_rsajoystick","V3","V3lag",0.9778,0.0018,533.9115,0
"8100_rsajoystick","V5","V5lag",0.985,0.0013,782.2475,0
"8100_rsajoystick","V6","V6lag",0.9694,0.0025,387.6622,0
"8100_rsajoystick","V4","V4lag",0.978,0.0018,542.6819,0
"8100_rsajoystick","V1","V1lag",0.9939,5e-04,1966.6883,0
"8100_rsajoystick","V2","V2lag",0.9929,6e-04,1682.1104,0
"8102_rsajoystick","V3","V3lag",0.9896,7e-04,1331.2518,0
"8102_rsajoystick","V5","V5lag",0.9926,6e-04,1803.6063,0
"8102_rsajoystick","V6","V6lag",0.762,0.0051,148.7335,0
"8102_rsajoystick","V4","V4lag",0.984,7e-04,1360.8343,0
"8102_rsajoystick","V2","V2lag",0.9937,5e-04,1903.5348,0
